{
  "description": {
    "title": "Misturinha Store",
    "text": "A Misturinha Store foi criada por uma MÃE, buscando oferecer a outras MÃES artigos com muita qualidade, conforto e praticidade sem perder a elegância e a delicadeza específicas de cada idade."
  },
  "links_1": {
    "list_pages": true,
    "title": "Páginas",
    "list": []
  },
  "links_2": {
    "list_categories": true,
    "title": "Categorias",
    "list": []
  },
  "contacts": {
    "title": "Contatos",
    "phone_wpp": true,
    "socials": true,
    "email": true,
    "address": true
  },
  "stamps": [
    {
      "src": "/img/uploads/ssl-safe.png",
      "alt": "Secure connection"
    }
  ],
  "payment_methods": {
    "bb": true,
    "visa": true,
    "boleto": true,
    "aura": false,
    "banrisul": false,
    "elo": true,
    "hipercard": false,
    "hsbc": false,
    "bradesco": true,
    "santander": false,
    "mastercard": true,
    "citibank": false,
    "mais": false,
    "itau": true
  },
  "credits": "Iná Virginia - CPF: 030.240.550-02 © 2021 Todos os direitos reservados "
}
